{"cameraMode":{"drawMode":0,"name":"Shaded","section":"Shading Mode"},"sceneLighting":true,"audioPlay":false,"sceneViewState":{"m_AlwaysRefresh":false,"showFog":true,"showSkybox":true,"showFlares":true,"showImageEffects":true,"showParticleSystems":true,"showVisualEffectGraphs":true,"m_FxEnabled":true},"in2DMode":false,"pivot":{"x":-0.05040791630744934,"y":1.9134643077850342,"z":-0.4284655451774597},"rotation":{"x":-0.08122026175260544,"y":-0.0008998694247566164,"z":0.00007315202674362808,"w":-0.9966972470283508},"size":3.431652307510376,"orthographic":false}